{
  "auroc": 0.574468085106383,
  "auprc": 0.11454865967365965,
  "precision": 0.125,
  "recall": 1.0,
  "f1": 0.2222222222222222,
  "threshold": 0.03033462166786194,
  "confusion_matrix": [
    [
      12,
      35
    ],
    [
      0,
      5
    ]
  ]
}