{
  "auroc": 0.4170212765957447,
  "auprc": 0.07656416568412223,
  "precision": 0.1111111111111111,
  "recall": 0.8,
  "f1": 0.1951219512195122,
  "threshold": 0.0007947644917294383,
  "confusion_matrix": [
    [
      15,
      32
    ],
    [
      1,
      4
    ]
  ]
}