{
  "auroc": 0.6297872340425532,
  "auprc": 0.1511521474168533,
  "precision": 0.2727272727272727,
  "recall": 0.6,
  "f1": 0.375,
  "threshold": 0.057252462953329086,
  "confusion_matrix": [
    [
      39,
      8
    ],
    [
      2,
      3
    ]
  ]
}