{
  "auroc": 0.7276595744680852,
  "auprc": 0.4871109385783299,
  "precision": 1.0,
  "recall": 0.4,
  "f1": 0.5714285714285714,
  "threshold": 0.9945916533470154,
  "confusion_matrix": [
    [
      47,
      0
    ],
    [
      3,
      2
    ]
  ]
}