{
  "auroc": 0.5276595744680852,
  "auprc": 0.09129983010003294,
  "precision": 0.125,
  "recall": 1.0,
  "f1": 0.2222222222222222,
  "threshold": 0.02683892659842968,
  "confusion_matrix": [
    [
      12,
      35
    ],
    [
      0,
      5
    ]
  ]
}