{"subject_id":{"count":344.0,"unique":null,"top":null,"freq":null,"mean":15040216.5348837208,"std":2835764.459805523,"min":10010867.0,"25%":12665716.25,"50%":15134200.5,"75%":17498357.25,"max":19979725.0},"hadm_id":{"count":344.0,"unique":null,"top":null,"freq":null,"mean":24976495.8139534891,"std":2851642.6827534484,"min":20049435.0,"25%":22572778.25,"50%":24983933.0,"75%":27488391.5,"max":29998399.0},"stay_id":{"count":344.0,"unique":null,"top":null,"freq":null,"mean":35175064.3110465109,"std":2965387.8824313236,"min":30046365.0,"25%":32440266.75,"50%":35188352.5,"75%":37865327.5,"max":39974276.0},"wlst_label":{"count":344.0,"unique":null,"top":null,"freq":null,"mean":0.0901162791,"std":0.2867653898,"min":0.0,"25%":0.0,"50%":0.0,"75%":0.0,"max":1.0},"outcome_category":{"count":344,"unique":6,"top":"full_code_survived","freq":251,"mean":null,"std":null,"min":null,"25%":null,"50%":null,"75%":null,"max":null},"age":{"count":344.0,"unique":null,"top":null,"freq":null,"mean":54.988372093,"std":20.8553223617,"min":18.0,"25%":36.75,"50%":57.0,"75%":73.0,"max":89.0},"is_male":{"count":344.0,"unique":null,"top":null,"freq":null,"mean":0.6715116279,"std":0.4703475979,"min":0.0,"25%":0.0,"50%":1.0,"75%":1.0,"max":1.0},"bmi":{"count":44.0,"unique":null,"top":null,"freq":null,"mean":26.6472236268,"std":5.282211457,"min":15.9666666667,"25%":22.4671052632,"50%":26.31,"75%":31.625,"max":36.125},"gcs_total_min":{"count":344.0,"unique":null,"top":null,"freq":null,"mean":4.8779069767,"std":2.0946078858,"min":1.0,"25%":3.0,"50%":5.0,"75%":7.0,"max":10.0},"gcs_total_max":{"count":344.0,"unique":null,"top":null,"freq":null,"mean":10.5348837209,"std":3.6547749809,"min":3.0,"25%":8.0,"50%":10.5,"75%":14.0,"max":15.0},"gcs_total_mean":{"count":344.0,"unique":null,"top":null,"freq":null,"mean":8.3364260198,"std":2.8740161774,"min":2.9,"25%":6.443452381,"50%":8.6163663664,"75%":10.4295366795,"max":14.125},"gcs_motor_min":{"count":344.0,"unique":null,"top":null,"freq":null,"mean":2.8575581395,"std":1.7711819684,"min":1.0,"25%":1.0,"50%":4.0,"75%":5.0,"max":6.0},"gcs_motor_max":{"count":344.0,"unique":null,"top":null,"freq":null,"mean":5.1424418605,"std":1.4142345371,"min":1.0,"25%":5.0,"50%":6.0,"75%":6.0,"max":6.0},"gcs_motor_delta":{"count":336.0,"unique":null,"top":null,"freq":null,"mean":1.005952381,"std":1.8576088749,"min":-4.0,"25%":0.0,"50%":1.0,"75%":2.0,"max":5.0},"gcs_improving":{"count":344.0,"unique":null,"top":null,"freq":null,"mean":0.5145348837,"std":0.5005167172,"min":0.0,"25%":0.0,"50%":1.0,"75%":1.0,"max":1.0},"gcs_admission_total":{"count":344.0,"unique":null,"top":null,"freq":null,"mean":6.4825581395,"std":3.0809748887,"min":1.0,"25%":3.0,"50%":6.0,"75%":8.0,"max":15.0},"gcs_measurement_count":{"count":344.0,"unique":null,"top":null,"freq":null,"mean":27.3895348837,"std":10.7670540467,"min":5.0,"25%":20.0,"50%":26.0,"75%":36.0,"max":50.0},"gcs_motor_0_12h":{"count":344.0,"unique":null,"top":null,"freq":null,"mean":4.1900095141,"std":1.5614170653,"min":1.0,"25%":3.675,"50%":4.8,"75%":5.2892857143,"max":6.0},"gcs_motor_12_24h":{"count":342.0,"unique":null,"top":null,"freq":null,"mean":4.5979369153,"std":1.6192910917,"min":1.0,"25%":4.0833333333,"50%":5.0,"75%":5.9791666667,"max":6.0},"gcs_motor_24_36h":{"count":333.0,"unique":null,"top":null,"freq":null,"mean":4.7932014265,"std":1.5557767536,"min":1.0,"25%":4.625,"50%":5.0,"75%":6.0,"max":6.0},"gcs_motor_36_48h":{"count":309.0,"unique":null,"top":null,"freq":null,"mean":4.7884173629,"std":1.568447638,"min":1.0,"25%":4.3333333333,"50%":5.0,"75%":6.0,"max":6.0},"map_mean":{"count":344.0,"unique":null,"top":null,"freq":null,"mean":82.1734397167,"std":8.328768582,"min":58.9042553191,"25%":75.9693877551,"50%":82.2916666667,"75%":87.543533805,"max":106.7441860465},"map_min":{"count":344.0,"unique":null,"top":null,"freq":null,"mean":54.9098837209,"std":18.6936485679,"min":-20.0,"25%":51.0,"50%":59.0,"75%":65.0,"max":85.0},"map_max":{"count":344.0,"unique":null,"top":null,"freq":null,"mean":119.2354651163,"std":38.130966859,"min":69.0,"25%":102.0,"50%":111.0,"75%":121.0,"max":350.0},"map_std":{"count":343.0,"unique":null,"top":null,"freq":null,"mean":12.3120915427,"std":5.1741574708,"min":3.7733400639,"25%":9.2795083555,"50%":11.0933292055,"75%":13.8895621782,"max":45.4240860512},"vasopressor_any":{"count":344.0,"unique":null,"top":null,"freq":null,"mean":0.2936046512,"std":0.4560763396,"min":0.0,"25%":0.0,"50%":0.0,"75%":1.0,"max":1.0},"vasopressor_drug_count":{"count":101.0,"unique":null,"top":null,"freq":null,"mean":1.5742574257,"std":0.7529480016,"min":1.0,"25%":1.0,"50%":1.0,"75%":2.0,"max":4.0},"vasopressor_hours":{"count":101.0,"unique":null,"top":null,"freq":null,"mean":31.0268976898,"std":25.9242614778,"min":0.3666666667,"25%":6.65,"50%":26.05,"75%":46.05,"max":143.9},"vasopressor_max_rate":{"count":101.0,"unique":null,"top":null,"freq":null,"mean":3.240685384,"std":6.2049330479,"min":0.0300043503,"25%":0.5001350655,"50%":1.6965791583,"75%":3.0038047116,"max":44.4897972047},"sodium_min":{"count":337.0,"unique":null,"top":null,"freq":null,"mean":138.175074184,"std":4.3550294622,"min":118.0,"25%":136.0,"50%":138.0,"75%":141.0,"max":154.0},"sodium_max":{"count":337.0,"unique":null,"top":null,"freq":null,"mean":143.7893175074,"std":5.8007700492,"min":126.0,"25%":140.0,"50%":143.0,"75%":146.0,"max":176.0},"sodium_mean":{"count":337.0,"unique":null,"top":null,"freq":null,"mean":141.0668238208,"std":4.6396620632,"min":122.25,"25%":138.3333333333,"50%":140.8888888889,"75%":143.4285714286,"max":165.3076923077},"sodium_first":{"count":337.0,"unique":null,"top":null,"freq":null,"mean":139.6617210682,"std":5.0170649863,"min":118.0,"25%":137.0,"50%":140.0,"75%":142.0,"max":176.0},"sodium_last":{"count":337.0,"unique":null,"top":null,"freq":null,"mean":142.1246290801,"std":5.7297172234,"min":122.0,"25%":138.0,"50%":141.0,"75%":145.0,"max":164.0},"lactate_min":{"count":259.0,"unique":null,"top":null,"freq":null,"mean":1.5945945946,"std":1.000450349,"min":0.5,"25%":1.0,"50%":1.3,"75%":1.8,"max":8.0},"lactate_max":{"count":259.0,"unique":null,"top":null,"freq":null,"mean":3.2598455598,"std":2.7923638911,"min":0.6,"25%":1.6,"50%":2.4,"75%":3.9,"max":21.0},"lactate_mean":{"count":259.0,"unique":null,"top":null,"freq":null,"mean":2.3746262594,"std":1.772387243,"min":0.55,"25%":1.4,"50%":1.9,"75%":2.72,"max":14.2857142857},"lactate_first":{"count":259.0,"unique":null,"top":null,"freq":null,"mean":2.7223938224,"std":1.9420381245,"min":0.5,"25%":1.45,"50%":2.1,"75%":3.3,"max":13.2},"lactate_last":{"count":259.0,"unique":null,"top":null,"freq":null,"mean":1.888030888,"std":1.9842332944,"min":0.6,"25%":1.1,"50%":1.5,"75%":2.0,"max":21.0},"glucose_min":{"count":337.0,"unique":null,"top":null,"freq":null,"mean":114.7537091988,"std":35.952786412,"min":21.0,"25%":93.0,"50%":110.0,"75%":127.0,"max":334.0},"glucose_max":{"count":337.0,"unique":null,"top":null,"freq":null,"mean":170.0356083086,"std":79.6260152193,"min":76.0,"25%":126.0,"50%":148.0,"75%":185.0,"max":822.0},"glucose_mean":{"count":337.0,"unique":null,"top":null,"freq":null,"mean":139.6559383577,"std":45.2440305253,"min":68.1111111111,"25%":111.6666666667,"50%":130.5,"75%":152.5,"max":359.5},"glucose_first":{"count":337.0,"unique":null,"top":null,"freq":null,"mean":151.9703264095,"std":79.96966879,"min":59.0,"25%":110.0,"50%":133.0,"75%":166.0,"max":822.0},"glucose_last":{"count":337.0,"unique":null,"top":null,"freq":null,"mean":130.9673590504,"std":39.2197958151,"min":69.0,"25%":105.0,"50%":121.0,"75%":144.0,"max":334.0},"inr_min":{"count":324.0,"unique":null,"top":null,"freq":null,"mean":1.1709876543,"std":0.1630521954,"min":0.9,"25%":1.1,"50%":1.1,"75%":1.2,"max":2.1},"inr_max":{"count":324.0,"unique":null,"top":null,"freq":null,"mean":1.3342592593,"std":0.4114827159,"min":0.9,"25%":1.1,"50%":1.2,"75%":1.4,"max":5.7},"inr_mean":{"count":324.0,"unique":null,"top":null,"freq":null,"mean":1.2434632035,"std":0.226963861,"min":0.9,"25%":1.1,"50%":1.2,"75%":1.3270833333,